{"model":"LogisticRegression","threshold":0.6666666667,"metric":0.7883404052}