{"model":"RandomForestClassifier","threshold":0.6161616162,"metric":0.8894011228}